Scheme,Records_Size,PHE_N,TS_Poly,TS_Coeff,Encrypt_Time,Analysis_Time,Decrypt_Time,Total_Time,Result_Value
Paillier,1000,1024,N/A,N/A,15.986343383789062,0.11353230476379395,0.04541516304016113,16.14529538154602,74934.211
TenSEAL,1000,N/A,8192,"[60, 40, 40, 60]",0.883063793182373,0.8153543472290039,0.04135847091674805,1.7397849559783936,74934.22106465416
Paillier,1000,1024,N/A,N/A,16.524640321731567,0.10422539710998535,0.05071306228637695,16.679583072662354,75752.764
TenSEAL,1000,N/A,8192,"[60, 40, 40, 60]",0.9270875453948975,0.8297350406646729,0.045935630798339844,1.8027677536010742,75752.77417460275
Paillier,1000,1024,N/A,N/A,27.263020038604736,0.1731739044189453,0.05159354209899902,27.48779535293579,77045.106
TenSEAL,1000,N/A,4096,"[40, 20, 40]",0.48262953758239746,0.5062496662139893,0.031049489974975586,1.01993989944458,78299.61804313057
